valid1@example.com,secret
valid2@example.com,secret
valid3@example.com,secret
valid4@example.com,secret
valid5@example.com,secret
valid6@example.com,secret
valid7@example.com,secret
valid8@example.com,secret
valid9@example.com,secret
valid10@example.com,secret
valid11@example.com,secret
valid12@example.com,secret
valid13@example.com,secret
valid14@example.com,secret
valid15@example.com,secret
valid16@example.com,secret
valid17@example.com,secret
valid18@example.com,secret
valid19@example.com,secret
valid20@example.com,secret
valid21@example.com,secret
valid22@example.com,secret
valid23@example.com,secret
valid24@example.com,secret
valid25@example.com,secret
valid26@example.com,secret
valid27@example.com,secret
valid28@example.com,secret
valid29@example.com,secret
valid30@example.com,secret
valid31@example.com,secret
valid32@example.com,secret
valid33@example.com,secret
valid34@example.com,secret
valid35@example.com,secret
valid36@example.com,secret
valid37@example.com,secret
valid38@example.com,secret
valid39@example.com,secret
valid40@example.com,secret
valid41@example.com,secret
valid42@example.com,secret
valid43@example.com,secret
valid44@example.com,secret
valid45@example.com,secret
valid46@example.com,secret
valid47@example.com,secret
valid48@example.com,secret
valid49@example.com,secret
valid50@example.com,secret
valid51@example.com,secret
valid52@example.com,secret
valid53@example.com,secret
valid54@example.com,secret
valid55@example.com,secret
valid56@example.com,secret
valid57@example.com,secret
valid58@example.com,secret
valid59@example.com,secret
valid60@example.com,secret
valid61@example.com,secret
valid62@example.com,secret
valid63@example.com,secret
valid64@example.com,secret
valid65@example.com,secret
valid66@example.com,secret
valid67@example.com,secret
valid68@example.com,secret
valid69@example.com,secret
valid70@example.com,secret
valid71@example.com,secret
valid72@example.com,secret
valid73@example.com,secret
valid74@example.com,secret
valid75@example.com,secret
valid76@example.com,secret
valid77@example.com,secret
valid78@example.com,secret
valid79@example.com,secret
valid80@example.com,secret
valid81@example.com,secret
valid82@example.com,secret
valid83@example.com,secret
valid84@example.com,secret
valid85@example.com,secret
valid86@example.com,secret
valid87@example.com,secret
valid88@example.com,secret
valid89@example.com,secret
valid90@example.com,secret
valid91@example.com,secret
valid92@example.com,secret
valid93@example.com,secret
valid94@example.com,secret
valid95@example.com,secret
valid96@example.com,secret
valid97@example.com,secret
valid98@example.com,secret
valid99@example.com,secret
valid100@example.com,secret
valid101@example.com,secret
valid102@example.com,secret
valid103@example.com,secret
valid104@example.com,secret
valid105@example.com,secret
valid106@example.com,secret
valid107@example.com,secret
valid108@example.com,secret
valid109@example.com,secret
valid110@example.com,secret
valid111@example.com,secret
valid112@example.com,secret
valid113@example.com,secret
valid114@example.com,secret
valid115@example.com,secret
valid116@example.com,secret
valid117@example.com,secret
valid118@example.com,secret
valid119@example.com,secret
valid120@example.com,secret
valid121@example.com,secret
valid122@example.com,secret
valid123@example.com,secret
valid124@example.com,secret
valid125@example.com,secret
valid126@example.com,secret
valid127@example.com,secret
valid128@example.com,secret
valid129@example.com,secret
valid130@example.com,secret
valid131@example.com,secret
valid132@example.com,secret
valid133@example.com,secret
valid134@example.com,secret
valid135@example.com,secret
valid136@example.com,secret
valid137@example.com,secret
valid138@example.com,secret
valid139@example.com,secret
valid140@example.com,secret
valid141@example.com,secret
valid142@example.com,secret
valid143@example.com,secret
valid144@example.com,secret
valid145@example.com,secret
valid146@example.com,secret
valid147@example.com,secret
valid148@example.com,secret
valid149@example.com,secret
valid150@example.com,secret
valid151@example.com,secret
valid152@example.com,secret
valid153@example.com,secret
valid154@example.com,secret
valid155@example.com,secret
valid156@example.com,secret
valid157@example.com,secret
valid158@example.com,secret
valid159@example.com,secret
valid160@example.com,secret
valid161@example.com,secret
valid162@example.com,secret
valid163@example.com,secret
valid164@example.com,secret
valid165@example.com,secret
valid166@example.com,secret
valid167@example.com,secret
valid168@example.com,secret
valid169@example.com,secret
valid170@example.com,secret
valid171@example.com,secret
valid172@example.com,secret
valid173@example.com,secret
valid174@example.com,secret
valid175@example.com,secret
valid176@example.com,secret
valid177@example.com,secret
valid178@example.com,secret
valid179@example.com,secret
valid180@example.com,secret
valid181@example.com,secret
valid182@example.com,secret
valid183@example.com,secret
valid184@example.com,secret
valid185@example.com,secret
valid186@example.com,secret
valid187@example.com,secret
valid188@example.com,secret
valid189@example.com,secret
valid190@example.com,secret
valid191@example.com,secret
valid192@example.com,secret
valid193@example.com,secret
valid194@example.com,secret
valid195@example.com,secret
valid196@example.com,secret
valid197@example.com,secret
valid198@example.com,secret
valid199@example.com,secret
valid200@example.com,secret
valid201@example.com,secret
valid202@example.com,secret
valid203@example.com,secret
valid204@example.com,secret
valid205@example.com,secret
valid206@example.com,secret
valid207@example.com,secret
valid208@example.com,secret
valid209@example.com,secret
valid210@example.com,secret
valid211@example.com,secret
valid212@example.com,secret
valid213@example.com,secret
valid214@example.com,secret
valid215@example.com,secret
valid216@example.com,secret
valid217@example.com,secret
valid218@example.com,secret
valid219@example.com,secret
valid220@example.com,secret
valid221@example.com,secret
valid222@example.com,secret
valid223@example.com,secret
valid224@example.com,secret
valid225@example.com,secret
valid226@example.com,secret
valid227@example.com,secret
valid228@example.com,secret
valid229@example.com,secret
valid230@example.com,secret
valid231@example.com,secret
valid232@example.com,secret
valid233@example.com,secret
valid234@example.com,secret
valid235@example.com,secret
valid236@example.com,secret
valid237@example.com,secret
valid238@example.com,secret
valid239@example.com,secret
valid240@example.com,secret
valid241@example.com,secret
valid242@example.com,secret
valid243@example.com,secret
valid244@example.com,secret
valid245@example.com,secret
valid246@example.com,secret
valid247@example.com,secret
valid248@example.com,secret
valid249@example.com,secret
valid250@example.com,secret
valid251@example.com,secret
valid252@example.com,secret
valid253@example.com,secret
valid254@example.com,secret
valid255@example.com,secret
valid256@example.com,secret
valid257@example.com,secret
valid258@example.com,secret
valid259@example.com,secret
valid260@example.com,secret
valid261@example.com,secret
valid262@example.com,secret
valid263@example.com,secret
valid264@example.com,secret
valid265@example.com,secret
valid266@example.com,secret
valid267@example.com,secret
valid268@example.com,secret
valid269@example.com,secret
valid270@example.com,secret
valid271@example.com,secret
valid272@example.com,secret
valid273@example.com,secret
valid274@example.com,secret
valid275@example.com,secret
valid276@example.com,secret
valid277@example.com,secret
valid278@example.com,secret
valid279@example.com,secret
valid280@example.com,secret
valid281@example.com,secret
valid282@example.com,secret
valid283@example.com,secret
valid284@example.com,secret
valid285@example.com,secret
valid286@example.com,secret
valid287@example.com,secret
valid288@example.com,secret
valid289@example.com,secret
valid290@example.com,secret
valid291@example.com,secret
valid292@example.com,secret
valid293@example.com,secret
valid294@example.com,secret
valid295@example.com,secret
valid296@example.com,secret
valid297@example.com,secret
valid298@example.com,secret
valid299@example.com,secret
valid300@example.com,secret
valid301@example.com,secret
valid302@example.com,secret
valid303@example.com,secret
valid304@example.com,secret
valid305@example.com,secret
valid306@example.com,secret
valid307@example.com,secret
valid308@example.com,secret
valid309@example.com,secret
valid310@example.com,secret
valid311@example.com,secret
valid312@example.com,secret
valid313@example.com,secret
valid314@example.com,secret
valid315@example.com,secret
valid316@example.com,secret
valid317@example.com,secret
valid318@example.com,secret
valid319@example.com,secret
valid320@example.com,secret
valid321@example.com,secret
valid322@example.com,secret
valid323@example.com,secret
valid324@example.com,secret
valid325@example.com,secret
valid326@example.com,secret
valid327@example.com,secret
valid328@example.com,secret
valid329@example.com,secret
valid330@example.com,secret
valid331@example.com,secret
valid332@example.com,secret
valid333@example.com,secret
valid334@example.com,secret
valid335@example.com,secret
valid336@example.com,secret
valid337@example.com,secret
valid338@example.com,secret
valid339@example.com,secret
valid340@example.com,secret
valid341@example.com,secret
valid342@example.com,secret
valid343@example.com,secret
valid344@example.com,secret
valid345@example.com,secret
valid346@example.com,secret
valid347@example.com,secret
valid348@example.com,secret
valid349@example.com,secret
valid350@example.com,secret
valid351@example.com,secret
valid352@example.com,secret
valid353@example.com,secret
valid354@example.com,secret
valid355@example.com,secret
valid356@example.com,secret
valid357@example.com,secret
valid358@example.com,secret
valid359@example.com,secret
valid360@example.com,secret
valid361@example.com,secret
valid362@example.com,secret
valid363@example.com,secret
valid364@example.com,secret
valid365@example.com,secret
valid366@example.com,secret
valid367@example.com,secret
valid368@example.com,secret
valid369@example.com,secret
valid370@example.com,secret
valid371@example.com,secret
valid372@example.com,secret
valid373@example.com,secret
valid374@example.com,secret
valid375@example.com,secret
valid376@example.com,secret
valid377@example.com,secret
valid378@example.com,secret
valid379@example.com,secret
valid380@example.com,secret
valid381@example.com,secret
valid382@example.com,secret
valid383@example.com,secret
valid384@example.com,secret
valid385@example.com,secret
valid386@example.com,secret
valid387@example.com,secret
valid388@example.com,secret
valid389@example.com,secret
valid390@example.com,secret
valid391@example.com,secret
valid392@example.com,secret
valid393@example.com,secret
valid394@example.com,secret
valid395@example.com,secret
valid396@example.com,secret
valid397@example.com,secret
valid398@example.com,secret
valid399@example.com,secret
valid400@example.com,secret
valid401@example.com,secret
valid402@example.com,secret
valid403@example.com,secret
valid404@example.com,secret
valid405@example.com,secret
valid406@example.com,secret
valid407@example.com,secret
valid408@example.com,secret
valid409@example.com,secret
valid410@example.com,secret
valid411@example.com,secret
valid412@example.com,secret
valid413@example.com,secret
valid414@example.com,secret
valid415@example.com,secret
valid416@example.com,secret
valid417@example.com,secret
valid418@example.com,secret
valid419@example.com,secret
valid420@example.com,secret
valid421@example.com,secret
valid422@example.com,secret
valid423@example.com,secret
valid424@example.com,secret
valid425@example.com,secret
valid426@example.com,secret
valid427@example.com,secret
valid428@example.com,secret
valid429@example.com,secret
valid430@example.com,secret
valid431@example.com,secret
valid432@example.com,secret
valid433@example.com,secret
valid434@example.com,secret
valid435@example.com,secret
valid436@example.com,secret
valid437@example.com,secret
valid438@example.com,secret
valid439@example.com,secret
valid440@example.com,secret
valid441@example.com,secret
valid442@example.com,secret
valid443@example.com,secret
valid444@example.com,secret
valid445@example.com,secret
valid446@example.com,secret
valid447@example.com,secret
valid448@example.com,secret
valid449@example.com,secret
valid450@example.com,secret
valid451@example.com,secret
valid452@example.com,secret
valid453@example.com,secret
valid454@example.com,secret
valid455@example.com,secret
valid456@example.com,secret
valid457@example.com,secret
valid458@example.com,secret
valid459@example.com,secret
valid460@example.com,secret
valid461@example.com,secret
valid462@example.com,secret
valid463@example.com,secret
valid464@example.com,secret
valid465@example.com,secret
valid466@example.com,secret
valid467@example.com,secret
valid468@example.com,secret
valid469@example.com,secret
valid470@example.com,secret
valid471@example.com,secret
valid472@example.com,secret
valid473@example.com,secret
valid474@example.com,secret
valid475@example.com,secret
valid476@example.com,secret
valid477@example.com,secret
valid478@example.com,secret
valid479@example.com,secret
valid480@example.com,secret
valid481@example.com,secret
valid482@example.com,secret
valid483@example.com,secret
valid484@example.com,secret
valid485@example.com,secret
valid486@example.com,secret
valid487@example.com,secret
valid488@example.com,secret
valid489@example.com,secret
valid490@example.com,secret
valid491@example.com,secret
valid492@example.com,secret
valid493@example.com,secret
valid494@example.com,secret
valid495@example.com,secret
valid496@example.com,secret
valid497@example.com,secret
valid498@example.com,secret
valid499@example.com,secret
valid500@example.com,secret
valid501@example.com,secret
valid502@example.com,secret
valid503@example.com,secret
valid504@example.com,secret
valid505@example.com,secret
valid506@example.com,secret
valid507@example.com,secret
valid508@example.com,secret
valid509@example.com,secret
valid510@example.com,secret
valid511@example.com,secret
valid512@example.com,secret
valid513@example.com,secret
valid514@example.com,secret
valid515@example.com,secret
valid516@example.com,secret
valid517@example.com,secret
valid518@example.com,secret
valid519@example.com,secret
valid520@example.com,secret
valid521@example.com,secret
valid522@example.com,secret
valid523@example.com,secret
valid524@example.com,secret
valid525@example.com,secret
valid526@example.com,secret
valid527@example.com,secret
valid528@example.com,secret
valid529@example.com,secret
valid530@example.com,secret
valid531@example.com,secret
valid532@example.com,secret
valid533@example.com,secret
valid534@example.com,secret
valid535@example.com,secret
valid536@example.com,secret
valid537@example.com,secret
valid538@example.com,secret
valid539@example.com,secret
valid540@example.com,secret
valid541@example.com,secret
valid542@example.com,secret
valid543@example.com,secret
valid544@example.com,secret
valid545@example.com,secret
valid546@example.com,secret
valid547@example.com,secret
valid548@example.com,secret
valid549@example.com,secret
valid550@example.com,secret
valid551@example.com,secret
valid552@example.com,secret
valid553@example.com,secret
valid554@example.com,secret
valid555@example.com,secret
valid556@example.com,secret
valid557@example.com,secret
valid558@example.com,secret
valid559@example.com,secret
valid560@example.com,secret
valid561@example.com,secret
valid562@example.com,secret
valid563@example.com,secret
valid564@example.com,secret
valid565@example.com,secret
valid566@example.com,secret
valid567@example.com,secret
valid568@example.com,secret
valid569@example.com,secret
valid570@example.com,secret
valid571@example.com,secret
valid572@example.com,secret
valid573@example.com,secret
valid574@example.com,secret
valid575@example.com,secret
valid576@example.com,secret
valid577@example.com,secret
valid578@example.com,secret
valid579@example.com,secret
valid580@example.com,secret
valid581@example.com,secret
valid582@example.com,secret
valid583@example.com,secret
valid584@example.com,secret
valid585@example.com,secret
valid586@example.com,secret
valid587@example.com,secret
valid588@example.com,secret
valid589@example.com,secret
valid590@example.com,secret
valid591@example.com,secret
valid592@example.com,secret
valid593@example.com,secret
valid594@example.com,secret
valid595@example.com,secret
valid596@example.com,secret
valid597@example.com,secret
valid598@example.com,secret
valid599@example.com,secret
valid600@example.com,secret
valid601@example.com,secret
valid602@example.com,secret
valid603@example.com,secret
valid604@example.com,secret
valid605@example.com,secret
valid606@example.com,secret
valid607@example.com,secret
valid608@example.com,secret
valid609@example.com,secret
valid610@example.com,secret
valid611@example.com,secret
valid612@example.com,secret
valid613@example.com,secret
valid614@example.com,secret
valid615@example.com,secret
valid616@example.com,secret
valid617@example.com,secret
valid618@example.com,secret
valid619@example.com,secret
valid620@example.com,secret
valid621@example.com,secret
valid622@example.com,secret
valid623@example.com,secret
valid624@example.com,secret
valid625@example.com,secret
valid626@example.com,secret
valid627@example.com,secret
valid628@example.com,secret
valid629@example.com,secret
valid630@example.com,secret
valid631@example.com,secret
valid632@example.com,secret
valid633@example.com,secret
valid634@example.com,secret
valid635@example.com,secret
valid636@example.com,secret
valid637@example.com,secret
valid638@example.com,secret
valid639@example.com,secret
valid640@example.com,secret
valid641@example.com,secret
valid642@example.com,secret
valid643@example.com,secret
valid644@example.com,secret
valid645@example.com,secret
valid646@example.com,secret
valid647@example.com,secret
valid648@example.com,secret
valid649@example.com,secret
valid650@example.com,secret
valid651@example.com,secret
valid652@example.com,secret
valid653@example.com,secret
valid654@example.com,secret
valid655@example.com,secret
valid656@example.com,secret
valid657@example.com,secret
valid658@example.com,secret
valid659@example.com,secret
valid660@example.com,secret
valid661@example.com,secret
valid662@example.com,secret
valid663@example.com,secret
valid664@example.com,secret
valid665@example.com,secret
valid666@example.com,secret
valid667@example.com,secret
valid668@example.com,secret
valid669@example.com,secret
valid670@example.com,secret
valid671@example.com,secret
valid672@example.com,secret
valid673@example.com,secret
valid674@example.com,secret
valid675@example.com,secret
valid676@example.com,secret
valid677@example.com,secret
valid678@example.com,secret
valid679@example.com,secret
valid680@example.com,secret
valid681@example.com,secret
valid682@example.com,secret
valid683@example.com,secret
valid684@example.com,secret
valid685@example.com,secret
valid686@example.com,secret
valid687@example.com,secret
valid688@example.com,secret
valid689@example.com,secret
valid690@example.com,secret
valid691@example.com,secret
valid692@example.com,secret
valid693@example.com,secret
valid694@example.com,secret
valid695@example.com,secret
valid696@example.com,secret
valid697@example.com,secret
valid698@example.com,secret
valid699@example.com,secret
valid700@example.com,secret
valid701@example.com,secret
valid702@example.com,secret
valid703@example.com,secret
valid704@example.com,secret
valid705@example.com,secret
valid706@example.com,secret
valid707@example.com,secret
valid708@example.com,secret
valid709@example.com,secret
valid710@example.com,secret
valid711@example.com,secret
valid712@example.com,secret
valid713@example.com,secret
valid714@example.com,secret
valid715@example.com,secret
valid716@example.com,secret
valid717@example.com,secret
valid718@example.com,secret
valid719@example.com,secret
valid720@example.com,secret
valid721@example.com,secret
valid722@example.com,secret
valid723@example.com,secret
valid724@example.com,secret
valid725@example.com,secret
valid726@example.com,secret
valid727@example.com,secret
valid728@example.com,secret
valid729@example.com,secret
valid730@example.com,secret
valid731@example.com,secret
valid732@example.com,secret
valid733@example.com,secret
valid734@example.com,secret
valid735@example.com,secret
valid736@example.com,secret
valid737@example.com,secret
valid738@example.com,secret
valid739@example.com,secret
valid740@example.com,secret
valid741@example.com,secret
valid742@example.com,secret
valid743@example.com,secret
valid744@example.com,secret
valid745@example.com,secret
valid746@example.com,secret
valid747@example.com,secret
valid748@example.com,secret
valid749@example.com,secret
valid750@example.com,secret
valid751@example.com,secret
valid752@example.com,secret
valid753@example.com,secret
valid754@example.com,secret
valid755@example.com,secret
valid756@example.com,secret
valid757@example.com,secret
valid758@example.com,secret
valid759@example.com,secret
valid760@example.com,secret
valid761@example.com,secret
valid762@example.com,secret
valid763@example.com,secret
valid764@example.com,secret
valid765@example.com,secret
valid766@example.com,secret
valid767@example.com,secret
valid768@example.com,secret
valid769@example.com,secret
valid770@example.com,secret
valid771@example.com,secret
valid772@example.com,secret
valid773@example.com,secret
valid774@example.com,secret
valid775@example.com,secret
valid776@example.com,secret
valid777@example.com,secret
valid778@example.com,secret
valid779@example.com,secret
valid780@example.com,secret
valid781@example.com,secret
valid782@example.com,secret
valid783@example.com,secret
valid784@example.com,secret
valid785@example.com,secret
valid786@example.com,secret
valid787@example.com,secret
valid788@example.com,secret
valid789@example.com,secret
valid790@example.com,secret
valid791@example.com,secret
valid792@example.com,secret
valid793@example.com,secret
valid794@example.com,secret
valid795@example.com,secret
valid796@example.com,secret
valid797@example.com,secret
valid798@example.com,secret
valid799@example.com,secret
valid800@example.com,secret
valid801@example.com,secret
valid802@example.com,secret
valid803@example.com,secret
valid804@example.com,secret
valid805@example.com,secret
valid806@example.com,secret
valid807@example.com,secret
valid808@example.com,secret
valid809@example.com,secret
valid810@example.com,secret
valid811@example.com,secret
valid812@example.com,secret
valid813@example.com,secret
valid814@example.com,secret
valid815@example.com,secret
valid816@example.com,secret
valid817@example.com,secret
valid818@example.com,secret
valid819@example.com,secret
valid820@example.com,secret
valid821@example.com,secret
valid822@example.com,secret
valid823@example.com,secret
valid824@example.com,secret
valid825@example.com,secret
valid826@example.com,secret
valid827@example.com,secret
valid828@example.com,secret
valid829@example.com,secret
valid830@example.com,secret
valid831@example.com,secret
valid832@example.com,secret
valid833@example.com,secret
valid834@example.com,secret
valid835@example.com,secret
valid836@example.com,secret
valid837@example.com,secret
valid838@example.com,secret
valid839@example.com,secret
valid840@example.com,secret
valid841@example.com,secret
valid842@example.com,secret
valid843@example.com,secret
valid844@example.com,secret
valid845@example.com,secret
valid846@example.com,secret
valid847@example.com,secret
valid848@example.com,secret
valid849@example.com,secret
valid850@example.com,secret
valid851@example.com,secret
valid852@example.com,secret
valid853@example.com,secret
valid854@example.com,secret
valid855@example.com,secret
valid856@example.com,secret
valid857@example.com,secret
valid858@example.com,secret
valid859@example.com,secret
valid860@example.com,secret
valid861@example.com,secret
valid862@example.com,secret
valid863@example.com,secret
valid864@example.com,secret
valid865@example.com,secret
valid866@example.com,secret
valid867@example.com,secret
valid868@example.com,secret
valid869@example.com,secret
valid870@example.com,secret
valid871@example.com,secret
valid872@example.com,secret
valid873@example.com,secret
valid874@example.com,secret
valid875@example.com,secret
valid876@example.com,secret
valid877@example.com,secret
valid878@example.com,secret
valid879@example.com,secret
valid880@example.com,secret
valid881@example.com,secret
valid882@example.com,secret
valid883@example.com,secret
valid884@example.com,secret
valid885@example.com,secret
valid886@example.com,secret
valid887@example.com,secret
valid888@example.com,secret
valid889@example.com,secret
valid890@example.com,secret
valid891@example.com,secret
valid892@example.com,secret
valid893@example.com,secret
valid894@example.com,secret
valid895@example.com,secret
valid896@example.com,secret
valid897@example.com,secret
valid898@example.com,secret
valid899@example.com,secret
valid900@example.com,secret
valid901@example.com,secret
valid902@example.com,secret
valid903@example.com,secret
valid904@example.com,secret
valid905@example.com,secret
valid906@example.com,secret
valid907@example.com,secret
valid908@example.com,secret
valid909@example.com,secret
valid910@example.com,secret
valid911@example.com,secret
valid912@example.com,secret
valid913@example.com,secret
valid914@example.com,secret
valid915@example.com,secret
valid916@example.com,secret
valid917@example.com,secret
valid918@example.com,secret
valid919@example.com,secret
valid920@example.com,secret
valid921@example.com,secret
valid922@example.com,secret
valid923@example.com,secret
valid924@example.com,secret
valid925@example.com,secret
valid926@example.com,secret
valid927@example.com,secret
valid928@example.com,secret
valid929@example.com,secret
valid930@example.com,secret
valid931@example.com,secret
valid932@example.com,secret
valid933@example.com,secret
valid934@example.com,secret
valid935@example.com,secret
valid936@example.com,secret
valid937@example.com,secret
valid938@example.com,secret
valid939@example.com,secret
valid940@example.com,secret
valid941@example.com,secret
valid942@example.com,secret
valid943@example.com,secret
valid944@example.com,secret
valid945@example.com,secret
valid946@example.com,secret
valid947@example.com,secret
valid948@example.com,secret
valid949@example.com,secret
valid950@example.com,secret
valid951@example.com,secret
valid952@example.com,secret
valid953@example.com,secret
valid954@example.com,secret
valid955@example.com,secret
valid956@example.com,secret
valid957@example.com,secret
valid958@example.com,secret
valid959@example.com,secret
valid960@example.com,secret
valid961@example.com,secret
valid962@example.com,secret
valid963@example.com,secret
valid964@example.com,secret
valid965@example.com,secret
valid966@example.com,secret
valid967@example.com,secret
valid968@example.com,secret
valid969@example.com,secret
valid970@example.com,secret
valid971@example.com,secret
valid972@example.com,secret
valid973@example.com,secret
valid974@example.com,secret
valid975@example.com,secret
valid976@example.com,secret
valid977@example.com,secret
valid978@example.com,secret
valid979@example.com,secret
valid980@example.com,secret
valid981@example.com,secret
valid982@example.com,secret
valid983@example.com,secret
valid984@example.com,secret
valid985@example.com,secret
valid986@example.com,secret
valid987@example.com,secret
valid988@example.com,secret
valid989@example.com,secret
valid990@example.com,secret
valid991@example.com,secret
valid992@example.com,secret
valid993@example.com,secret
valid994@example.com,secret
valid995@example.com,secret
valid996@example.com,secret
valid997@example.com,secret
valid998@example.com,secret
valid999@example.com,secret
valid1000@example.com,secret
valid1001@example.com,secret
valid1002@example.com,secret
valid1003@example.com,secret
valid1004@example.com,secret
valid1005@example.com,secret
valid1006@example.com,secret
valid1007@example.com,secret
valid1008@example.com,secret
valid1009@example.com,secret
valid1010@example.com,secret
valid1011@example.com,secret
valid1012@example.com,secret
valid1013@example.com,secret
valid1014@example.com,secret
valid1015@example.com,secret
valid1016@example.com,secret
valid1017@example.com,secret
valid1018@example.com,secret
valid1019@example.com,secret
valid1020@example.com,secret
valid1021@example.com,secret
valid1022@example.com,secret
valid1023@example.com,secret
valid1024@example.com,secret
valid1025@example.com,secret
valid1026@example.com,secret
valid1027@example.com,secret
valid1028@example.com,secret
valid1029@example.com,secret
valid1030@example.com,secret
valid1031@example.com,secret
valid1032@example.com,secret
valid1033@example.com,secret
valid1034@example.com,secret
valid1035@example.com,secret
valid1036@example.com,secret
valid1037@example.com,secret
valid1038@example.com,secret
valid1039@example.com,secret
valid1040@example.com,secret
valid1041@example.com,secret
valid1042@example.com,secret
valid1043@example.com,secret
valid1044@example.com,secret
valid1045@example.com,secret
valid1046@example.com,secret
valid1047@example.com,secret
valid1048@example.com,secret
valid1049@example.com,secret
valid1050@example.com,secret
valid1051@example.com,secret
valid1052@example.com,secret
valid1053@example.com,secret
valid1054@example.com,secret
valid1055@example.com,secret
valid1056@example.com,secret
valid1057@example.com,secret
valid1058@example.com,secret
valid1059@example.com,secret
valid1060@example.com,secret
valid1061@example.com,secret
valid1062@example.com,secret
valid1063@example.com,secret
valid1064@example.com,secret
valid1065@example.com,secret
valid1066@example.com,secret
valid1067@example.com,secret
valid1068@example.com,secret
valid1069@example.com,secret
valid1070@example.com,secret
valid1071@example.com,secret
valid1072@example.com,secret
valid1073@example.com,secret
valid1074@example.com,secret
valid1075@example.com,secret
valid1076@example.com,secret
valid1077@example.com,secret
valid1078@example.com,secret
valid1079@example.com,secret
valid1080@example.com,secret
valid1081@example.com,secret
valid1082@example.com,secret
valid1083@example.com,secret
valid1084@example.com,secret
valid1085@example.com,secret
valid1086@example.com,secret
valid1087@example.com,secret
valid1088@example.com,secret
valid1089@example.com,secret
valid1090@example.com,secret
valid1091@example.com,secret
valid1092@example.com,secret
valid1093@example.com,secret
valid1094@example.com,secret
valid1095@example.com,secret
valid1096@example.com,secret
valid1097@example.com,secret
valid1098@example.com,secret
valid1099@example.com,secret
valid1100@example.com,secret
valid1101@example.com,secret
valid1102@example.com,secret
valid1103@example.com,secret
valid1104@example.com,secret
valid1105@example.com,secret
valid1106@example.com,secret
valid1107@example.com,secret
valid1108@example.com,secret
valid1109@example.com,secret
valid1110@example.com,secret
valid1111@example.com,secret
valid1112@example.com,secret
valid1113@example.com,secret
valid1114@example.com,secret
valid1115@example.com,secret
valid1116@example.com,secret
valid1117@example.com,secret
valid1118@example.com,secret
valid1119@example.com,secret
valid1120@example.com,secret
valid1121@example.com,secret
valid1122@example.com,secret
valid1123@example.com,secret
valid1124@example.com,secret
valid1125@example.com,secret
valid1126@example.com,secret
valid1127@example.com,secret
valid1128@example.com,secret
valid1129@example.com,secret
valid1130@example.com,secret
valid1131@example.com,secret
valid1132@example.com,secret
valid1133@example.com,secret
valid1134@example.com,secret
valid1135@example.com,secret
valid1136@example.com,secret
valid1137@example.com,secret
valid1138@example.com,secret
valid1139@example.com,secret
valid1140@example.com,secret
valid1141@example.com,secret
valid1142@example.com,secret
valid1143@example.com,secret
valid1144@example.com,secret
valid1145@example.com,secret
valid1146@example.com,secret
valid1147@example.com,secret
valid1148@example.com,secret
valid1149@example.com,secret
valid1150@example.com,secret
valid1151@example.com,secret
valid1152@example.com,secret
valid1153@example.com,secret
valid1154@example.com,secret
valid1155@example.com,secret
valid1156@example.com,secret
valid1157@example.com,secret
valid1158@example.com,secret
valid1159@example.com,secret
valid1160@example.com,secret
valid1161@example.com,secret
valid1162@example.com,secret
valid1163@example.com,secret
valid1164@example.com,secret
valid1165@example.com,secret
valid1166@example.com,secret
valid1167@example.com,secret
valid1168@example.com,secret
valid1169@example.com,secret
valid1170@example.com,secret
valid1171@example.com,secret
valid1172@example.com,secret
valid1173@example.com,secret
valid1174@example.com,secret
valid1175@example.com,secret
valid1176@example.com,secret
valid1177@example.com,secret
valid1178@example.com,secret
valid1179@example.com,secret
valid1180@example.com,secret
valid1181@example.com,secret
valid1182@example.com,secret
valid1183@example.com,secret
valid1184@example.com,secret
valid1185@example.com,secret
valid1186@example.com,secret
valid1187@example.com,secret
valid1188@example.com,secret
valid1189@example.com,secret
valid1190@example.com,secret
valid1191@example.com,secret
valid1192@example.com,secret
valid1193@example.com,secret
valid1194@example.com,secret
valid1195@example.com,secret
valid1196@example.com,secret
valid1197@example.com,secret
valid1198@example.com,secret
valid1199@example.com,secret
valid1200@example.com,secret
valid1201@example.com,secret
valid1202@example.com,secret
valid1203@example.com,secret
valid1204@example.com,secret
valid1205@example.com,secret
valid1206@example.com,secret
valid1207@example.com,secret
valid1208@example.com,secret
valid1209@example.com,secret
valid1210@example.com,secret
valid1211@example.com,secret
valid1212@example.com,secret
valid1213@example.com,secret
valid1214@example.com,secret
valid1215@example.com,secret
valid1216@example.com,secret
valid1217@example.com,secret
valid1218@example.com,secret
valid1219@example.com,secret
valid1220@example.com,secret
valid1221@example.com,secret
valid1222@example.com,secret
valid1223@example.com,secret
valid1224@example.com,secret
valid1225@example.com,secret
valid1226@example.com,secret
valid1227@example.com,secret
valid1228@example.com,secret
valid1229@example.com,secret
valid1230@example.com,secret
valid1231@example.com,secret
valid1232@example.com,secret
valid1233@example.com,secret
valid1234@example.com,secret
valid1235@example.com,secret
valid1236@example.com,secret
valid1237@example.com,secret
valid1238@example.com,secret
valid1239@example.com,secret
valid1240@example.com,secret
valid1241@example.com,secret
valid1242@example.com,secret
valid1243@example.com,secret
valid1244@example.com,secret
valid1245@example.com,secret
valid1246@example.com,secret
valid1247@example.com,secret
valid1248@example.com,secret
valid1249@example.com,secret
valid1250@example.com,secret
valid1251@example.com,secret
valid1252@example.com,secret
valid1253@example.com,secret
valid1254@example.com,secret
valid1255@example.com,secret
valid1256@example.com,secret
valid1257@example.com,secret
valid1258@example.com,secret
valid1259@example.com,secret
valid1260@example.com,secret
valid1261@example.com,secret
valid1262@example.com,secret
valid1263@example.com,secret
valid1264@example.com,secret
valid1265@example.com,secret
valid1266@example.com,secret
valid1267@example.com,secret
valid1268@example.com,secret
valid1269@example.com,secret
valid1270@example.com,secret
valid1271@example.com,secret
valid1272@example.com,secret
valid1273@example.com,secret
valid1274@example.com,secret
valid1275@example.com,secret
valid1276@example.com,secret
valid1277@example.com,secret
valid1278@example.com,secret
valid1279@example.com,secret
valid1280@example.com,secret
valid1281@example.com,secret
valid1282@example.com,secret
valid1283@example.com,secret
valid1284@example.com,secret
valid1285@example.com,secret
valid1286@example.com,secret
valid1287@example.com,secret
valid1288@example.com,secret
valid1289@example.com,secret
valid1290@example.com,secret
valid1291@example.com,secret
valid1292@example.com,secret
valid1293@example.com,secret
valid1294@example.com,secret
valid1295@example.com,secret
valid1296@example.com,secret
valid1297@example.com,secret
valid1298@example.com,secret
valid1299@example.com,secret
valid1300@example.com,secret
valid1301@example.com,secret
valid1302@example.com,secret
valid1303@example.com,secret
valid1304@example.com,secret
valid1305@example.com,secret
valid1306@example.com,secret
valid1307@example.com,secret
valid1308@example.com,secret
valid1309@example.com,secret
valid1310@example.com,secret
valid1311@example.com,secret
valid1312@example.com,secret
valid1313@example.com,secret
valid1314@example.com,secret
valid1315@example.com,secret
valid1316@example.com,secret
valid1317@example.com,secret
valid1318@example.com,secret
valid1319@example.com,secret
valid1320@example.com,secret
valid1321@example.com,secret
valid1322@example.com,secret
valid1323@example.com,secret
valid1324@example.com,secret
valid1325@example.com,secret
valid1326@example.com,secret
valid1327@example.com,secret
valid1328@example.com,secret
valid1329@example.com,secret
valid1330@example.com,secret
valid1331@example.com,secret
valid1332@example.com,secret
valid1333@example.com,secret
valid1334@example.com,secret
valid1335@example.com,secret
valid1336@example.com,secret
valid1337@example.com,secret
valid1338@example.com,secret
valid1339@example.com,secret
valid1340@example.com,secret
valid1341@example.com,secret
valid1342@example.com,secret
valid1343@example.com,secret
valid1344@example.com,secret
valid1345@example.com,secret
valid1346@example.com,secret
valid1347@example.com,secret
valid1348@example.com,secret
valid1349@example.com,secret
valid1350@example.com,secret
valid1351@example.com,secret
valid1352@example.com,secret
valid1353@example.com,secret
valid1354@example.com,secret
valid1355@example.com,secret
valid1356@example.com,secret
valid1357@example.com,secret
valid1358@example.com,secret
valid1359@example.com,secret
valid1360@example.com,secret
valid1361@example.com,secret
valid1362@example.com,secret
valid1363@example.com,secret
valid1364@example.com,secret
valid1365@example.com,secret
valid1366@example.com,secret
valid1367@example.com,secret
valid1368@example.com,secret
valid1369@example.com,secret
valid1370@example.com,secret
valid1371@example.com,secret
valid1372@example.com,secret
valid1373@example.com,secret
valid1374@example.com,secret
valid1375@example.com,secret
valid1376@example.com,secret
valid1377@example.com,secret
valid1378@example.com,secret
valid1379@example.com,secret
valid1380@example.com,secret
valid1381@example.com,secret
valid1382@example.com,secret
valid1383@example.com,secret
valid1384@example.com,secret
valid1385@example.com,secret
valid1386@example.com,secret
valid1387@example.com,secret
valid1388@example.com,secret
valid1389@example.com,secret
valid1390@example.com,secret
valid1391@example.com,secret
valid1392@example.com,secret
valid1393@example.com,secret
valid1394@example.com,secret
valid1395@example.com,secret
valid1396@example.com,secret
valid1397@example.com,secret
valid1398@example.com,secret
valid1399@example.com,secret
valid1400@example.com,secret
valid1401@example.com,secret
valid1402@example.com,secret
valid1403@example.com,secret
valid1404@example.com,secret
valid1405@example.com,secret
valid1406@example.com,secret
valid1407@example.com,secret
valid1408@example.com,secret
valid1409@example.com,secret
valid1410@example.com,secret
valid1411@example.com,secret
valid1412@example.com,secret
valid1413@example.com,secret
valid1414@example.com,secret
valid1415@example.com,secret
valid1416@example.com,secret
valid1417@example.com,secret
valid1418@example.com,secret
valid1419@example.com,secret
valid1420@example.com,secret
valid1421@example.com,secret
valid1422@example.com,secret
valid1423@example.com,secret
valid1424@example.com,secret
valid1425@example.com,secret
valid1426@example.com,secret
valid1427@example.com,secret
valid1428@example.com,secret
valid1429@example.com,secret
valid1430@example.com,secret
valid1431@example.com,secret
valid1432@example.com,secret
valid1433@example.com,secret
valid1434@example.com,secret
valid1435@example.com,secret
valid1436@example.com,secret
valid1437@example.com,secret
valid1438@example.com,secret
valid1439@example.com,secret
valid1440@example.com,secret
valid1441@example.com,secret
valid1442@example.com,secret
valid1443@example.com,secret
valid1444@example.com,secret
valid1445@example.com,secret
valid1446@example.com,secret
valid1447@example.com,secret
valid1448@example.com,secret
valid1449@example.com,secret
valid1450@example.com,secret
valid1451@example.com,secret
valid1452@example.com,secret
valid1453@example.com,secret
valid1454@example.com,secret
valid1455@example.com,secret
valid1456@example.com,secret
valid1457@example.com,secret
valid1458@example.com,secret
valid1459@example.com,secret
valid1460@example.com,secret
valid1461@example.com,secret
valid1462@example.com,secret
valid1463@example.com,secret
valid1464@example.com,secret
valid1465@example.com,secret
valid1466@example.com,secret
valid1467@example.com,secret
valid1468@example.com,secret
valid1469@example.com,secret
valid1470@example.com,secret
valid1471@example.com,secret
valid1472@example.com,secret
valid1473@example.com,secret
valid1474@example.com,secret
valid1475@example.com,secret
valid1476@example.com,secret
valid1477@example.com,secret
valid1478@example.com,secret
valid1479@example.com,secret
valid1480@example.com,secret
valid1481@example.com,secret
valid1482@example.com,secret
valid1483@example.com,secret
valid1484@example.com,secret
valid1485@example.com,secret
valid1486@example.com,secret
valid1487@example.com,secret
valid1488@example.com,secret
valid1489@example.com,secret
valid1490@example.com,secret
valid1491@example.com,secret
valid1492@example.com,secret
valid1493@example.com,secret
valid1494@example.com,secret
valid1495@example.com,secret
valid1496@example.com,secret
valid1497@example.com,secret
valid1498@example.com,secret
valid1499@example.com,secret
valid1500@example.com,secret
valid1501@example.com,secret
valid1502@example.com,secret
valid1503@example.com,secret
valid1504@example.com,secret
valid1505@example.com,secret
valid1506@example.com,secret
valid1507@example.com,secret
valid1508@example.com,secret
valid1509@example.com,secret
valid1510@example.com,secret
valid1511@example.com,secret
valid1512@example.com,secret
valid1513@example.com,secret
valid1514@example.com,secret
valid1515@example.com,secret
valid1516@example.com,secret
valid1517@example.com,secret
valid1518@example.com,secret
valid1519@example.com,secret
valid1520@example.com,secret
valid1521@example.com,secret
valid1522@example.com,secret
valid1523@example.com,secret
valid1524@example.com,secret
valid1525@example.com,secret
valid1526@example.com,secret
valid1527@example.com,secret
valid1528@example.com,secret
valid1529@example.com,secret
valid1530@example.com,secret
valid1531@example.com,secret
valid1532@example.com,secret
valid1533@example.com,secret
valid1534@example.com,secret
valid1535@example.com,secret
valid1536@example.com,secret
valid1537@example.com,secret
valid1538@example.com,secret
valid1539@example.com,secret
valid1540@example.com,secret
valid1541@example.com,secret
valid1542@example.com,secret
valid1543@example.com,secret
valid1544@example.com,secret
valid1545@example.com,secret
valid1546@example.com,secret
valid1547@example.com,secret
valid1548@example.com,secret
valid1549@example.com,secret
valid1550@example.com,secret
valid1551@example.com,secret
valid1552@example.com,secret
valid1553@example.com,secret
valid1554@example.com,secret
valid1555@example.com,secret
valid1556@example.com,secret
valid1557@example.com,secret
valid1558@example.com,secret
valid1559@example.com,secret
valid1560@example.com,secret
valid1561@example.com,secret
valid1562@example.com,secret
valid1563@example.com,secret
valid1564@example.com,secret
valid1565@example.com,secret
valid1566@example.com,secret
valid1567@example.com,secret
valid1568@example.com,secret
valid1569@example.com,secret
valid1570@example.com,secret
valid1571@example.com,secret
valid1572@example.com,secret
valid1573@example.com,secret
valid1574@example.com,secret
valid1575@example.com,secret
valid1576@example.com,secret
valid1577@example.com,secret
valid1578@example.com,secret
valid1579@example.com,secret
valid1580@example.com,secret
valid1581@example.com,secret
valid1582@example.com,secret
valid1583@example.com,secret
valid1584@example.com,secret
valid1585@example.com,secret
valid1586@example.com,secret
valid1587@example.com,secret
valid1588@example.com,secret
valid1589@example.com,secret
valid1590@example.com,secret
valid1591@example.com,secret
valid1592@example.com,secret
valid1593@example.com,secret
valid1594@example.com,secret
valid1595@example.com,secret
valid1596@example.com,secret
valid1597@example.com,secret
valid1598@example.com,secret
valid1599@example.com,secret
valid1600@example.com,secret
valid1601@example.com,secret
valid1602@example.com,secret
valid1603@example.com,secret
valid1604@example.com,secret
valid1605@example.com,secret
valid1606@example.com,secret
valid1607@example.com,secret
valid1608@example.com,secret
valid1609@example.com,secret
valid1610@example.com,secret
valid1611@example.com,secret
valid1612@example.com,secret
valid1613@example.com,secret
valid1614@example.com,secret
valid1615@example.com,secret
valid1616@example.com,secret
valid1617@example.com,secret
valid1618@example.com,secret
valid1619@example.com,secret
valid1620@example.com,secret
valid1621@example.com,secret
valid1622@example.com,secret
valid1623@example.com,secret
valid1624@example.com,secret
valid1625@example.com,secret
valid1626@example.com,secret
valid1627@example.com,secret
valid1628@example.com,secret
valid1629@example.com,secret
valid1630@example.com,secret
valid1631@example.com,secret
valid1632@example.com,secret
valid1633@example.com,secret
valid1634@example.com,secret
valid1635@example.com,secret
valid1636@example.com,secret
valid1637@example.com,secret
valid1638@example.com,secret
valid1639@example.com,secret
valid1640@example.com,secret
valid1641@example.com,secret
valid1642@example.com,secret
valid1643@example.com,secret
valid1644@example.com,secret
valid1645@example.com,secret
valid1646@example.com,secret
valid1647@example.com,secret
valid1648@example.com,secret
valid1649@example.com,secret
valid1650@example.com,secret
valid1651@example.com,secret
valid1652@example.com,secret
valid1653@example.com,secret
valid1654@example.com,secret
valid1655@example.com,secret
valid1656@example.com,secret
valid1657@example.com,secret
valid1658@example.com,secret
valid1659@example.com,secret
valid1660@example.com,secret
valid1661@example.com,secret
valid1662@example.com,secret
valid1663@example.com,secret
valid1664@example.com,secret
valid1665@example.com,secret
valid1666@example.com,secret
valid1667@example.com,secret
valid1668@example.com,secret
valid1669@example.com,secret
valid1670@example.com,secret
valid1671@example.com,secret
valid1672@example.com,secret
valid1673@example.com,secret
valid1674@example.com,secret
valid1675@example.com,secret
valid1676@example.com,secret
valid1677@example.com,secret
valid1678@example.com,secret
valid1679@example.com,secret
valid1680@example.com,secret
valid1681@example.com,secret
valid1682@example.com,secret
valid1683@example.com,secret
valid1684@example.com,secret
valid1685@example.com,secret
valid1686@example.com,secret
valid1687@example.com,secret
valid1688@example.com,secret
valid1689@example.com,secret
valid1690@example.com,secret
valid1691@example.com,secret
valid1692@example.com,secret
valid1693@example.com,secret
valid1694@example.com,secret
valid1695@example.com,secret
valid1696@example.com,secret
valid1697@example.com,secret
valid1698@example.com,secret
valid1699@example.com,secret
valid1700@example.com,secret
valid1701@example.com,secret
valid1702@example.com,secret
valid1703@example.com,secret
valid1704@example.com,secret
valid1705@example.com,secret
valid1706@example.com,secret
valid1707@example.com,secret
valid1708@example.com,secret
valid1709@example.com,secret
valid1710@example.com,secret
valid1711@example.com,secret
valid1712@example.com,secret
valid1713@example.com,secret
valid1714@example.com,secret
valid1715@example.com,secret
valid1716@example.com,secret
valid1717@example.com,secret
valid1718@example.com,secret
valid1719@example.com,secret
valid1720@example.com,secret
valid1721@example.com,secret
valid1722@example.com,secret
valid1723@example.com,secret
valid1724@example.com,secret
valid1725@example.com,secret
valid1726@example.com,secret
valid1727@example.com,secret
valid1728@example.com,secret
valid1729@example.com,secret
valid1730@example.com,secret
valid1731@example.com,secret
valid1732@example.com,secret
valid1733@example.com,secret
valid1734@example.com,secret
valid1735@example.com,secret
valid1736@example.com,secret
valid1737@example.com,secret
valid1738@example.com,secret
valid1739@example.com,secret
valid1740@example.com,secret
valid1741@example.com,secret
valid1742@example.com,secret
valid1743@example.com,secret
valid1744@example.com,secret
valid1745@example.com,secret
valid1746@example.com,secret
valid1747@example.com,secret
valid1748@example.com,secret
valid1749@example.com,secret
valid1750@example.com,secret
valid1751@example.com,secret
valid1752@example.com,secret
valid1753@example.com,secret
valid1754@example.com,secret
valid1755@example.com,secret
valid1756@example.com,secret
valid1757@example.com,secret
valid1758@example.com,secret
valid1759@example.com,secret
valid1760@example.com,secret
valid1761@example.com,secret
valid1762@example.com,secret
valid1763@example.com,secret
valid1764@example.com,secret
valid1765@example.com,secret
valid1766@example.com,secret
valid1767@example.com,secret
valid1768@example.com,secret
valid1769@example.com,secret
valid1770@example.com,secret
valid1771@example.com,secret
valid1772@example.com,secret
valid1773@example.com,secret
valid1774@example.com,secret
valid1775@example.com,secret
valid1776@example.com,secret
valid1777@example.com,secret
valid1778@example.com,secret
valid1779@example.com,secret
valid1780@example.com,secret
valid1781@example.com,secret
valid1782@example.com,secret
valid1783@example.com,secret
valid1784@example.com,secret
valid1785@example.com,secret
valid1786@example.com,secret
valid1787@example.com,secret
valid1788@example.com,secret
valid1789@example.com,secret
valid1790@example.com,secret
valid1791@example.com,secret
valid1792@example.com,secret
valid1793@example.com,secret
valid1794@example.com,secret
valid1795@example.com,secret
valid1796@example.com,secret
valid1797@example.com,secret
valid1798@example.com,secret
valid1799@example.com,secret
valid1800@example.com,secret
valid1801@example.com,secret
valid1802@example.com,secret
valid1803@example.com,secret
valid1804@example.com,secret
valid1805@example.com,secret
valid1806@example.com,secret
valid1807@example.com,secret
valid1808@example.com,secret
valid1809@example.com,secret
valid1810@example.com,secret
valid1811@example.com,secret
valid1812@example.com,secret
valid1813@example.com,secret
valid1814@example.com,secret
valid1815@example.com,secret
valid1816@example.com,secret
valid1817@example.com,secret
valid1818@example.com,secret
valid1819@example.com,secret
valid1820@example.com,secret
valid1821@example.com,secret
valid1822@example.com,secret
valid1823@example.com,secret
valid1824@example.com,secret
valid1825@example.com,secret
valid1826@example.com,secret
valid1827@example.com,secret
valid1828@example.com,secret
valid1829@example.com,secret
valid1830@example.com,secret
valid1831@example.com,secret
valid1832@example.com,secret
valid1833@example.com,secret
valid1834@example.com,secret
valid1835@example.com,secret
valid1836@example.com,secret
valid1837@example.com,secret
valid1838@example.com,secret
valid1839@example.com,secret
valid1840@example.com,secret
valid1841@example.com,secret
valid1842@example.com,secret
valid1843@example.com,secret
valid1844@example.com,secret
valid1845@example.com,secret
valid1846@example.com,secret
valid1847@example.com,secret
valid1848@example.com,secret
valid1849@example.com,secret
valid1850@example.com,secret
valid1851@example.com,secret
valid1852@example.com,secret
valid1853@example.com,secret
valid1854@example.com,secret
valid1855@example.com,secret
valid1856@example.com,secret
valid1857@example.com,secret
valid1858@example.com,secret
valid1859@example.com,secret
valid1860@example.com,secret
valid1861@example.com,secret
valid1862@example.com,secret
valid1863@example.com,secret
valid1864@example.com,secret
valid1865@example.com,secret
valid1866@example.com,secret
valid1867@example.com,secret
valid1868@example.com,secret
valid1869@example.com,secret
valid1870@example.com,secret
valid1871@example.com,secret
valid1872@example.com,secret
valid1873@example.com,secret
valid1874@example.com,secret
valid1875@example.com,secret
valid1876@example.com,secret
valid1877@example.com,secret
valid1878@example.com,secret
valid1879@example.com,secret
valid1880@example.com,secret
valid1881@example.com,secret
valid1882@example.com,secret
valid1883@example.com,secret
valid1884@example.com,secret
valid1885@example.com,secret
valid1886@example.com,secret
valid1887@example.com,secret
valid1888@example.com,secret
valid1889@example.com,secret
valid1890@example.com,secret
valid1891@example.com,secret
valid1892@example.com,secret
valid1893@example.com,secret
valid1894@example.com,secret
valid1895@example.com,secret
valid1896@example.com,secret
valid1897@example.com,secret
valid1898@example.com,secret
valid1899@example.com,secret
valid1900@example.com,secret
valid1901@example.com,secret
valid1902@example.com,secret
valid1903@example.com,secret
valid1904@example.com,secret
valid1905@example.com,secret
valid1906@example.com,secret
valid1907@example.com,secret
valid1908@example.com,secret
valid1909@example.com,secret
valid1910@example.com,secret
valid1911@example.com,secret
valid1912@example.com,secret
valid1913@example.com,secret
valid1914@example.com,secret
valid1915@example.com,secret
valid1916@example.com,secret
valid1917@example.com,secret
valid1918@example.com,secret
valid1919@example.com,secret
valid1920@example.com,secret
valid1921@example.com,secret
valid1922@example.com,secret
valid1923@example.com,secret
valid1924@example.com,secret
valid1925@example.com,secret
valid1926@example.com,secret
valid1927@example.com,secret
valid1928@example.com,secret
valid1929@example.com,secret
valid1930@example.com,secret
valid1931@example.com,secret
valid1932@example.com,secret
valid1933@example.com,secret
valid1934@example.com,secret
valid1935@example.com,secret
valid1936@example.com,secret
valid1937@example.com,secret
valid1938@example.com,secret
valid1939@example.com,secret
valid1940@example.com,secret
valid1941@example.com,secret
valid1942@example.com,secret
valid1943@example.com,secret
valid1944@example.com,secret
valid1945@example.com,secret
valid1946@example.com,secret
valid1947@example.com,secret
valid1948@example.com,secret
valid1949@example.com,secret
valid1950@example.com,secret
valid1951@example.com,secret
valid1952@example.com,secret
valid1953@example.com,secret
valid1954@example.com,secret
valid1955@example.com,secret
valid1956@example.com,secret
valid1957@example.com,secret
valid1958@example.com,secret
valid1959@example.com,secret
valid1960@example.com,secret
valid1961@example.com,secret
valid1962@example.com,secret
valid1963@example.com,secret
valid1964@example.com,secret
valid1965@example.com,secret
valid1966@example.com,secret
valid1967@example.com,secret
valid1968@example.com,secret
valid1969@example.com,secret
valid1970@example.com,secret
valid1971@example.com,secret
valid1972@example.com,secret
valid1973@example.com,secret
valid1974@example.com,secret
valid1975@example.com,secret
valid1976@example.com,secret
valid1977@example.com,secret
valid1978@example.com,secret
valid1979@example.com,secret
valid1980@example.com,secret
valid1981@example.com,secret
valid1982@example.com,secret
valid1983@example.com,secret
valid1984@example.com,secret
valid1985@example.com,secret
valid1986@example.com,secret
valid1987@example.com,secret
valid1988@example.com,secret
valid1989@example.com,secret
valid1990@example.com,secret
valid1991@example.com,secret
valid1992@example.com,secret
valid1993@example.com,secret
valid1994@example.com,secret
valid1995@example.com,secret
valid1996@example.com,secret
valid1997@example.com,secret
valid1998@example.com,secret
valid1999@example.com,secret
valid2000@example.com,secret
valid2001@example.com,secret
valid2002@example.com,secret
valid2003@example.com,secret
valid2004@example.com,secret
valid2005@example.com,secret
valid2006@example.com,secret
valid2007@example.com,secret
valid2008@example.com,secret
valid2009@example.com,secret
valid2010@example.com,secret
valid2011@example.com,secret
valid2012@example.com,secret
valid2013@example.com,secret
valid2014@example.com,secret
valid2015@example.com,secret
valid2016@example.com,secret
valid2017@example.com,secret
valid2018@example.com,secret
valid2019@example.com,secret
valid2020@example.com,secret
valid2021@example.com,secret
valid2022@example.com,secret
valid2023@example.com,secret
valid2024@example.com,secret
valid2025@example.com,secret
valid2026@example.com,secret
valid2027@example.com,secret
valid2028@example.com,secret
valid2029@example.com,secret
valid2030@example.com,secret
valid2031@example.com,secret
valid2032@example.com,secret
valid2033@example.com,secret
valid2034@example.com,secret
valid2035@example.com,secret
valid2036@example.com,secret
valid2037@example.com,secret
valid2038@example.com,secret
valid2039@example.com,secret
valid2040@example.com,secret
valid2041@example.com,secret
valid2042@example.com,secret
valid2043@example.com,secret
valid2044@example.com,secret
valid2045@example.com,secret
valid2046@example.com,secret
valid2047@example.com,secret
valid2048@example.com,secret
valid2049@example.com,secret
valid2050@example.com,secret
valid2051@example.com,secret
valid2052@example.com,secret
valid2053@example.com,secret
valid2054@example.com,secret
valid2055@example.com,secret
valid2056@example.com,secret
valid2057@example.com,secret
valid2058@example.com,secret
valid2059@example.com,secret
valid2060@example.com,secret
valid2061@example.com,secret
valid2062@example.com,secret
valid2063@example.com,secret
valid2064@example.com,secret
valid2065@example.com,secret
valid2066@example.com,secret
valid2067@example.com,secret
valid2068@example.com,secret
valid2069@example.com,secret
valid2070@example.com,secret
valid2071@example.com,secret
valid2072@example.com,secret
valid2073@example.com,secret
valid2074@example.com,secret
valid2075@example.com,secret
valid2076@example.com,secret
valid2077@example.com,secret
valid2078@example.com,secret
valid2079@example.com,secret
valid2080@example.com,secret
valid2081@example.com,secret
valid2082@example.com,secret
valid2083@example.com,secret
valid2084@example.com,secret
valid2085@example.com,secret
valid2086@example.com,secret
valid2087@example.com,secret
valid2088@example.com,secret
valid2089@example.com,secret
valid2090@example.com,secret
valid2091@example.com,secret
valid2092@example.com,secret
valid2093@example.com,secret
valid2094@example.com,secret
valid2095@example.com,secret
valid2096@example.com,secret
valid2097@example.com,secret
valid2098@example.com,secret
valid2099@example.com,secret
valid2100@example.com,secret
valid2101@example.com,secret
valid2102@example.com,secret
valid2103@example.com,secret
valid2104@example.com,secret
valid2105@example.com,secret
valid2106@example.com,secret
valid2107@example.com,secret
valid2108@example.com,secret
valid2109@example.com,secret
valid2110@example.com,secret
valid2111@example.com,secret
valid2112@example.com,secret
valid2113@example.com,secret
valid2114@example.com,secret
valid2115@example.com,secret
valid2116@example.com,secret
valid2117@example.com,secret
valid2118@example.com,secret
valid2119@example.com,secret
valid2120@example.com,secret
valid2121@example.com,secret
valid2122@example.com,secret
valid2123@example.com,secret
valid2124@example.com,secret
valid2125@example.com,secret
valid2126@example.com,secret
valid2127@example.com,secret
valid2128@example.com,secret
valid2129@example.com,secret
valid2130@example.com,secret
valid2131@example.com,secret
valid2132@example.com,secret
valid2133@example.com,secret
valid2134@example.com,secret
valid2135@example.com,secret
valid2136@example.com,secret
valid2137@example.com,secret
valid2138@example.com,secret
valid2139@example.com,secret
valid2140@example.com,secret
valid2141@example.com,secret
valid2142@example.com,secret
valid2143@example.com,secret
valid2144@example.com,secret
valid2145@example.com,secret
valid2146@example.com,secret
valid2147@example.com,secret
valid2148@example.com,secret
valid2149@example.com,secret
valid2150@example.com,secret
valid2151@example.com,secret
valid2152@example.com,secret
valid2153@example.com,secret
valid2154@example.com,secret
valid2155@example.com,secret
valid2156@example.com,secret
valid2157@example.com,secret
valid2158@example.com,secret
valid2159@example.com,secret
valid2160@example.com,secret
valid2161@example.com,secret
valid2162@example.com,secret
valid2163@example.com,secret
valid2164@example.com,secret
valid2165@example.com,secret
valid2166@example.com,secret
valid2167@example.com,secret
valid2168@example.com,secret
valid2169@example.com,secret
valid2170@example.com,secret
valid2171@example.com,secret
valid2172@example.com,secret
valid2173@example.com,secret
valid2174@example.com,secret
valid2175@example.com,secret
valid2176@example.com,secret
valid2177@example.com,secret
valid2178@example.com,secret
valid2179@example.com,secret
valid2180@example.com,secret
valid2181@example.com,secret
valid2182@example.com,secret
valid2183@example.com,secret
valid2184@example.com,secret
valid2185@example.com,secret
valid2186@example.com,secret
valid2187@example.com,secret
valid2188@example.com,secret
valid2189@example.com,secret
valid2190@example.com,secret
valid2191@example.com,secret
valid2192@example.com,secret
valid2193@example.com,secret
valid2194@example.com,secret
valid2195@example.com,secret
valid2196@example.com,secret
valid2197@example.com,secret
valid2198@example.com,secret
valid2199@example.com,secret
valid2200@example.com,secret
valid2201@example.com,secret
valid2202@example.com,secret
valid2203@example.com,secret
valid2204@example.com,secret
valid2205@example.com,secret
valid2206@example.com,secret
valid2207@example.com,secret
valid2208@example.com,secret
valid2209@example.com,secret
valid2210@example.com,secret
valid2211@example.com,secret
valid2212@example.com,secret
valid2213@example.com,secret
valid2214@example.com,secret
valid2215@example.com,secret
valid2216@example.com,secret
valid2217@example.com,secret
valid2218@example.com,secret
valid2219@example.com,secret
valid2220@example.com,secret
valid2221@example.com,secret
valid2222@example.com,secret
valid2223@example.com,secret
valid2224@example.com,secret
valid2225@example.com,secret
valid2226@example.com,secret
valid2227@example.com,secret
valid2228@example.com,secret
valid2229@example.com,secret
valid2230@example.com,secret
valid2231@example.com,secret
valid2232@example.com,secret
valid2233@example.com,secret
valid2234@example.com,secret
valid2235@example.com,secret
valid2236@example.com,secret
valid2237@example.com,secret
valid2238@example.com,secret
valid2239@example.com,secret
valid2240@example.com,secret
valid2241@example.com,secret
valid2242@example.com,secret
valid2243@example.com,secret
valid2244@example.com,secret
valid2245@example.com,secret
valid2246@example.com,secret
valid2247@example.com,secret
valid2248@example.com,secret
valid2249@example.com,secret
valid2250@example.com,secret
valid2251@example.com,secret
valid2252@example.com,secret
valid2253@example.com,secret
valid2254@example.com,secret
valid2255@example.com,secret
valid2256@example.com,secret
valid2257@example.com,secret
valid2258@example.com,secret
valid2259@example.com,secret
valid2260@example.com,secret
valid2261@example.com,secret
valid2262@example.com,secret
valid2263@example.com,secret
valid2264@example.com,secret
valid2265@example.com,secret
valid2266@example.com,secret
valid2267@example.com,secret
valid2268@example.com,secret
valid2269@example.com,secret
valid2270@example.com,secret
valid2271@example.com,secret
valid2272@example.com,secret
valid2273@example.com,secret
valid2274@example.com,secret
valid2275@example.com,secret
valid2276@example.com,secret
valid2277@example.com,secret
valid2278@example.com,secret
valid2279@example.com,secret
valid2280@example.com,secret
valid2281@example.com,secret
valid2282@example.com,secret
valid2283@example.com,secret
valid2284@example.com,secret
valid2285@example.com,secret
valid2286@example.com,secret
valid2287@example.com,secret
valid2288@example.com,secret
valid2289@example.com,secret
valid2290@example.com,secret
valid2291@example.com,secret
valid2292@example.com,secret
valid2293@example.com,secret
valid2294@example.com,secret
valid2295@example.com,secret
valid2296@example.com,secret
valid2297@example.com,secret
valid2298@example.com,secret
valid2299@example.com,secret
valid2300@example.com,secret
valid2301@example.com,secret
valid2302@example.com,secret
valid2303@example.com,secret
valid2304@example.com,secret
valid2305@example.com,secret
valid2306@example.com,secret
valid2307@example.com,secret
valid2308@example.com,secret
valid2309@example.com,secret
valid2310@example.com,secret
valid2311@example.com,secret
valid2312@example.com,secret
valid2313@example.com,secret
valid2314@example.com,secret
valid2315@example.com,secret
valid2316@example.com,secret
valid2317@example.com,secret
valid2318@example.com,secret
valid2319@example.com,secret
valid2320@example.com,secret
valid2321@example.com,secret
valid2322@example.com,secret
valid2323@example.com,secret
valid2324@example.com,secret
valid2325@example.com,secret
valid2326@example.com,secret
valid2327@example.com,secret
valid2328@example.com,secret
valid2329@example.com,secret
valid2330@example.com,secret
valid2331@example.com,secret
valid2332@example.com,secret
valid2333@example.com,secret
valid2334@example.com,secret
valid2335@example.com,secret
valid2336@example.com,secret
valid2337@example.com,secret
valid2338@example.com,secret
valid2339@example.com,secret
valid2340@example.com,secret
valid2341@example.com,secret
valid2342@example.com,secret
valid2343@example.com,secret
valid2344@example.com,secret
valid2345@example.com,secret
valid2346@example.com,secret
valid2347@example.com,secret
valid2348@example.com,secret
valid2349@example.com,secret
valid2350@example.com,secret
valid2351@example.com,secret
valid2352@example.com,secret
valid2353@example.com,secret
valid2354@example.com,secret
valid2355@example.com,secret
valid2356@example.com,secret
valid2357@example.com,secret
valid2358@example.com,secret
valid2359@example.com,secret
valid2360@example.com,secret
valid2361@example.com,secret
valid2362@example.com,secret
valid2363@example.com,secret
valid2364@example.com,secret
valid2365@example.com,secret
valid2366@example.com,secret
valid2367@example.com,secret
valid2368@example.com,secret
valid2369@example.com,secret
valid2370@example.com,secret
valid2371@example.com,secret
valid2372@example.com,secret
valid2373@example.com,secret
valid2374@example.com,secret
valid2375@example.com,secret
valid2376@example.com,secret
valid2377@example.com,secret
valid2378@example.com,secret
valid2379@example.com,secret
valid2380@example.com,secret
valid2381@example.com,secret
valid2382@example.com,secret
valid2383@example.com,secret
valid2384@example.com,secret
valid2385@example.com,secret
valid2386@example.com,secret
valid2387@example.com,secret
valid2388@example.com,secret
valid2389@example.com,secret
valid2390@example.com,secret
valid2391@example.com,secret
valid2392@example.com,secret
valid2393@example.com,secret
valid2394@example.com,secret
valid2395@example.com,secret
valid2396@example.com,secret
valid2397@example.com,secret
valid2398@example.com,secret
valid2399@example.com,secret
valid2400@example.com,secret
valid2401@example.com,secret
valid2402@example.com,secret
valid2403@example.com,secret
valid2404@example.com,secret
valid2405@example.com,secret
valid2406@example.com,secret
valid2407@example.com,secret
valid2408@example.com,secret
valid2409@example.com,secret
valid2410@example.com,secret
valid2411@example.com,secret
valid2412@example.com,secret
valid2413@example.com,secret
valid2414@example.com,secret
valid2415@example.com,secret
valid2416@example.com,secret
valid2417@example.com,secret
valid2418@example.com,secret
valid2419@example.com,secret
valid2420@example.com,secret
valid2421@example.com,secret
valid2422@example.com,secret
valid2423@example.com,secret
valid2424@example.com,secret
valid2425@example.com,secret
valid2426@example.com,secret
valid2427@example.com,secret
valid2428@example.com,secret
valid2429@example.com,secret
valid2430@example.com,secret
valid2431@example.com,secret
valid2432@example.com,secret
valid2433@example.com,secret
valid2434@example.com,secret
valid2435@example.com,secret
valid2436@example.com,secret
valid2437@example.com,secret
valid2438@example.com,secret
valid2439@example.com,secret
valid2440@example.com,secret
valid2441@example.com,secret
valid2442@example.com,secret
valid2443@example.com,secret
valid2444@example.com,secret
valid2445@example.com,secret
valid2446@example.com,secret
valid2447@example.com,secret
valid2448@example.com,secret
valid2449@example.com,secret
valid2450@example.com,secret
valid2451@example.com,secret
valid2452@example.com,secret
valid2453@example.com,secret
valid2454@example.com,secret
valid2455@example.com,secret
valid2456@example.com,secret
valid2457@example.com,secret
valid2458@example.com,secret
valid2459@example.com,secret
valid2460@example.com,secret
valid2461@example.com,secret
valid2462@example.com,secret
valid2463@example.com,secret
valid2464@example.com,secret
valid2465@example.com,secret
valid2466@example.com,secret
valid2467@example.com,secret
valid2468@example.com,secret
valid2469@example.com,secret
valid2470@example.com,secret
valid2471@example.com,secret
valid2472@example.com,secret
valid2473@example.com,secret
valid2474@example.com,secret
valid2475@example.com,secret
valid2476@example.com,secret
valid2477@example.com,secret
valid2478@example.com,secret
valid2479@example.com,secret
valid2480@example.com,secret
valid2481@example.com,secret
valid2482@example.com,secret
valid2483@example.com,secret
valid2484@example.com,secret
valid2485@example.com,secret
valid2486@example.com,secret
valid2487@example.com,secret
valid2488@example.com,secret
valid2489@example.com,secret
valid2490@example.com,secret
valid2491@example.com,secret
valid2492@example.com,secret
valid2493@example.com,secret
valid2494@example.com,secret
valid2495@example.com,secret
valid2496@example.com,secret
valid2497@example.com,secret
valid2498@example.com,secret
valid2499@example.com,secret
valid2500@example.com,secret
valid2501@example.com,secret
valid2502@example.com,secret
valid2503@example.com,secret
valid2504@example.com,secret
valid2505@example.com,secret
valid2506@example.com,secret
valid2507@example.com,secret
valid2508@example.com,secret
valid2509@example.com,secret
valid2510@example.com,secret
valid2511@example.com,secret
valid2512@example.com,secret
valid2513@example.com,secret
valid2514@example.com,secret
valid2515@example.com,secret
valid2516@example.com,secret
valid2517@example.com,secret
valid2518@example.com,secret
valid2519@example.com,secret
valid2520@example.com,secret
valid2521@example.com,secret
valid2522@example.com,secret
valid2523@example.com,secret
valid2524@example.com,secret
valid2525@example.com,secret
valid2526@example.com,secret
valid2527@example.com,secret
valid2528@example.com,secret
valid2529@example.com,secret
valid2530@example.com,secret
valid2531@example.com,secret
valid2532@example.com,secret
valid2533@example.com,secret
valid2534@example.com,secret
valid2535@example.com,secret
valid2536@example.com,secret
valid2537@example.com,secret
valid2538@example.com,secret
valid2539@example.com,secret
valid2540@example.com,secret
valid2541@example.com,secret
valid2542@example.com,secret
valid2543@example.com,secret
valid2544@example.com,secret
valid2545@example.com,secret
valid2546@example.com,secret
valid2547@example.com,secret
valid2548@example.com,secret
valid2549@example.com,secret
valid2550@example.com,secret
valid2551@example.com,secret
valid2552@example.com,secret
valid2553@example.com,secret
valid2554@example.com,secret
valid2555@example.com,secret
valid2556@example.com,secret
valid2557@example.com,secret
valid2558@example.com,secret
valid2559@example.com,secret
valid2560@example.com,secret
valid2561@example.com,secret
valid2562@example.com,secret
valid2563@example.com,secret
valid2564@example.com,secret
valid2565@example.com,secret
valid2566@example.com,secret
valid2567@example.com,secret
valid2568@example.com,secret
valid2569@example.com,secret
valid2570@example.com,secret
valid2571@example.com,secret
valid2572@example.com,secret
valid2573@example.com,secret
valid2574@example.com,secret
valid2575@example.com,secret
valid2576@example.com,secret
valid2577@example.com,secret
valid2578@example.com,secret
valid2579@example.com,secret
valid2580@example.com,secret
valid2581@example.com,secret
valid2582@example.com,secret
valid2583@example.com,secret
valid2584@example.com,secret
valid2585@example.com,secret
valid2586@example.com,secret
valid2587@example.com,secret
valid2588@example.com,secret
valid2589@example.com,secret
valid2590@example.com,secret
valid2591@example.com,secret
valid2592@example.com,secret
valid2593@example.com,secret
valid2594@example.com,secret
valid2595@example.com,secret
valid2596@example.com,secret
valid2597@example.com,secret
valid2598@example.com,secret
valid2599@example.com,secret
valid2600@example.com,secret
valid2601@example.com,secret
valid2602@example.com,secret
valid2603@example.com,secret
valid2604@example.com,secret
valid2605@example.com,secret
valid2606@example.com,secret
valid2607@example.com,secret
valid2608@example.com,secret
valid2609@example.com,secret
valid2610@example.com,secret
valid2611@example.com,secret
valid2612@example.com,secret
valid2613@example.com,secret
valid2614@example.com,secret
valid2615@example.com,secret
valid2616@example.com,secret
valid2617@example.com,secret
valid2618@example.com,secret
valid2619@example.com,secret
valid2620@example.com,secret
valid2621@example.com,secret
valid2622@example.com,secret
valid2623@example.com,secret
valid2624@example.com,secret
valid2625@example.com,secret
valid2626@example.com,secret
valid2627@example.com,secret
valid2628@example.com,secret
valid2629@example.com,secret
valid2630@example.com,secret
valid2631@example.com,secret
valid2632@example.com,secret
valid2633@example.com,secret
valid2634@example.com,secret
valid2635@example.com,secret
valid2636@example.com,secret
valid2637@example.com,secret
valid2638@example.com,secret
valid2639@example.com,secret
valid2640@example.com,secret
valid2641@example.com,secret
valid2642@example.com,secret
valid2643@example.com,secret
valid2644@example.com,secret
valid2645@example.com,secret
valid2646@example.com,secret
valid2647@example.com,secret
valid2648@example.com,secret
valid2649@example.com,secret
valid2650@example.com,secret
valid2651@example.com,secret
valid2652@example.com,secret
valid2653@example.com,secret
valid2654@example.com,secret
valid2655@example.com,secret
valid2656@example.com,secret
valid2657@example.com,secret
valid2658@example.com,secret
valid2659@example.com,secret
valid2660@example.com,secret
valid2661@example.com,secret
valid2662@example.com,secret
valid2663@example.com,secret
valid2664@example.com,secret
valid2665@example.com,secret
valid2666@example.com,secret
valid2667@example.com,secret
valid2668@example.com,secret
valid2669@example.com,secret
valid2670@example.com,secret
valid2671@example.com,secret
valid2672@example.com,secret
valid2673@example.com,secret
valid2674@example.com,secret
valid2675@example.com,secret
valid2676@example.com,secret
valid2677@example.com,secret
valid2678@example.com,secret
valid2679@example.com,secret
valid2680@example.com,secret
valid2681@example.com,secret
valid2682@example.com,secret
valid2683@example.com,secret
valid2684@example.com,secret
valid2685@example.com,secret
valid2686@example.com,secret
valid2687@example.com,secret
valid2688@example.com,secret
valid2689@example.com,secret
valid2690@example.com,secret
valid2691@example.com,secret
valid2692@example.com,secret
valid2693@example.com,secret
valid2694@example.com,secret
valid2695@example.com,secret
valid2696@example.com,secret
valid2697@example.com,secret
valid2698@example.com,secret
valid2699@example.com,secret
valid2700@example.com,secret
valid2701@example.com,secret
valid2702@example.com,secret
valid2703@example.com,secret
valid2704@example.com,secret
valid2705@example.com,secret
valid2706@example.com,secret
valid2707@example.com,secret
valid2708@example.com,secret
valid2709@example.com,secret
valid2710@example.com,secret
valid2711@example.com,secret
valid2712@example.com,secret
valid2713@example.com,secret
valid2714@example.com,secret
valid2715@example.com,secret
valid2716@example.com,secret
valid2717@example.com,secret
valid2718@example.com,secret
valid2719@example.com,secret
valid2720@example.com,secret
valid2721@example.com,secret
valid2722@example.com,secret
valid2723@example.com,secret
valid2724@example.com,secret
valid2725@example.com,secret
valid2726@example.com,secret
valid2727@example.com,secret
valid2728@example.com,secret
valid2729@example.com,secret
valid2730@example.com,secret
valid2731@example.com,secret
valid2732@example.com,secret
valid2733@example.com,secret
valid2734@example.com,secret
valid2735@example.com,secret
valid2736@example.com,secret
valid2737@example.com,secret
valid2738@example.com,secret
valid2739@example.com,secret
valid2740@example.com,secret
valid2741@example.com,secret
valid2742@example.com,secret
valid2743@example.com,secret
valid2744@example.com,secret
valid2745@example.com,secret
valid2746@example.com,secret
valid2747@example.com,secret
valid2748@example.com,secret
valid2749@example.com,secret
valid2750@example.com,secret
valid2751@example.com,secret
valid2752@example.com,secret
valid2753@example.com,secret
valid2754@example.com,secret
valid2755@example.com,secret
valid2756@example.com,secret
valid2757@example.com,secret
valid2758@example.com,secret
valid2759@example.com,secret
valid2760@example.com,secret
valid2761@example.com,secret
valid2762@example.com,secret
valid2763@example.com,secret
valid2764@example.com,secret
valid2765@example.com,secret
valid2766@example.com,secret
valid2767@example.com,secret
valid2768@example.com,secret
valid2769@example.com,secret
valid2770@example.com,secret
valid2771@example.com,secret
valid2772@example.com,secret
valid2773@example.com,secret
valid2774@example.com,secret
valid2775@example.com,secret
valid2776@example.com,secret
valid2777@example.com,secret
valid2778@example.com,secret
valid2779@example.com,secret
valid2780@example.com,secret
valid2781@example.com,secret
valid2782@example.com,secret
valid2783@example.com,secret
valid2784@example.com,secret
valid2785@example.com,secret
valid2786@example.com,secret
valid2787@example.com,secret
valid2788@example.com,secret
valid2789@example.com,secret
valid2790@example.com,secret
valid2791@example.com,secret
valid2792@example.com,secret
valid2793@example.com,secret
valid2794@example.com,secret
valid2795@example.com,secret
valid2796@example.com,secret
valid2797@example.com,secret
valid2798@example.com,secret
valid2799@example.com,secret
valid2800@example.com,secret
valid2801@example.com,secret
valid2802@example.com,secret
valid2803@example.com,secret
valid2804@example.com,secret
valid2805@example.com,secret
valid2806@example.com,secret
valid2807@example.com,secret
valid2808@example.com,secret
valid2809@example.com,secret
valid2810@example.com,secret
valid2811@example.com,secret
valid2812@example.com,secret
valid2813@example.com,secret
valid2814@example.com,secret
valid2815@example.com,secret
valid2816@example.com,secret
valid2817@example.com,secret
valid2818@example.com,secret
valid2819@example.com,secret
valid2820@example.com,secret
valid2821@example.com,secret
valid2822@example.com,secret
valid2823@example.com,secret
valid2824@example.com,secret
valid2825@example.com,secret
valid2826@example.com,secret
valid2827@example.com,secret
valid2828@example.com,secret
valid2829@example.com,secret
valid2830@example.com,secret
valid2831@example.com,secret
valid2832@example.com,secret
valid2833@example.com,secret
valid2834@example.com,secret
valid2835@example.com,secret
valid2836@example.com,secret
valid2837@example.com,secret
valid2838@example.com,secret
valid2839@example.com,secret
valid2840@example.com,secret
valid2841@example.com,secret
valid2842@example.com,secret
valid2843@example.com,secret
valid2844@example.com,secret
valid2845@example.com,secret
valid2846@example.com,secret
valid2847@example.com,secret
valid2848@example.com,secret
valid2849@example.com,secret
valid2850@example.com,secret
valid2851@example.com,secret
valid2852@example.com,secret
valid2853@example.com,secret
valid2854@example.com,secret
valid2855@example.com,secret
valid2856@example.com,secret
valid2857@example.com,secret
valid2858@example.com,secret
valid2859@example.com,secret
valid2860@example.com,secret
valid2861@example.com,secret
valid2862@example.com,secret
valid2863@example.com,secret
valid2864@example.com,secret
valid2865@example.com,secret
valid2866@example.com,secret
valid2867@example.com,secret
valid2868@example.com,secret
valid2869@example.com,secret
valid2870@example.com,secret
valid2871@example.com,secret
valid2872@example.com,secret
valid2873@example.com,secret
valid2874@example.com,secret
valid2875@example.com,secret
valid2876@example.com,secret
valid2877@example.com,secret
valid2878@example.com,secret
valid2879@example.com,secret
valid2880@example.com,secret
valid2881@example.com,secret
valid2882@example.com,secret
valid2883@example.com,secret
valid2884@example.com,secret
valid2885@example.com,secret
valid2886@example.com,secret
valid2887@example.com,secret
valid2888@example.com,secret
valid2889@example.com,secret
valid2890@example.com,secret
valid2891@example.com,secret
valid2892@example.com,secret
valid2893@example.com,secret
valid2894@example.com,secret
valid2895@example.com,secret
valid2896@example.com,secret
valid2897@example.com,secret
valid2898@example.com,secret
valid2899@example.com,secret
valid2900@example.com,secret
valid2901@example.com,secret
valid2902@example.com,secret
valid2903@example.com,secret
valid2904@example.com,secret
valid2905@example.com,secret
valid2906@example.com,secret
valid2907@example.com,secret
valid2908@example.com,secret
valid2909@example.com,secret
valid2910@example.com,secret
valid2911@example.com,secret
valid2912@example.com,secret
valid2913@example.com,secret
valid2914@example.com,secret
valid2915@example.com,secret
valid2916@example.com,secret
valid2917@example.com,secret
valid2918@example.com,secret
valid2919@example.com,secret
valid2920@example.com,secret
valid2921@example.com,secret
valid2922@example.com,secret
valid2923@example.com,secret
valid2924@example.com,secret
valid2925@example.com,secret
valid2926@example.com,secret
valid2927@example.com,secret
valid2928@example.com,secret
valid2929@example.com,secret
valid2930@example.com,secret
valid2931@example.com,secret
valid2932@example.com,secret
valid2933@example.com,secret
valid2934@example.com,secret
valid2935@example.com,secret
valid2936@example.com,secret
valid2937@example.com,secret
valid2938@example.com,secret
valid2939@example.com,secret
valid2940@example.com,secret
valid2941@example.com,secret
valid2942@example.com,secret
valid2943@example.com,secret
valid2944@example.com,secret
valid2945@example.com,secret
valid2946@example.com,secret
valid2947@example.com,secret
valid2948@example.com,secret
valid2949@example.com,secret
valid2950@example.com,secret
valid2951@example.com,secret
valid2952@example.com,secret
valid2953@example.com,secret
valid2954@example.com,secret
valid2955@example.com,secret
valid2956@example.com,secret
valid2957@example.com,secret
valid2958@example.com,secret
valid2959@example.com,secret
valid2960@example.com,secret
valid2961@example.com,secret
valid2962@example.com,secret
valid2963@example.com,secret
valid2964@example.com,secret
valid2965@example.com,secret
valid2966@example.com,secret
valid2967@example.com,secret
valid2968@example.com,secret
valid2969@example.com,secret
valid2970@example.com,secret
valid2971@example.com,secret
valid2972@example.com,secret
valid2973@example.com,secret
valid2974@example.com,secret
valid2975@example.com,secret
valid2976@example.com,secret
valid2977@example.com,secret
valid2978@example.com,secret
valid2979@example.com,secret
valid2980@example.com,secret
valid2981@example.com,secret
valid2982@example.com,secret
